page,type,incoming,avg
Berlin,1,639340,187.0637605725439167
Köln,1,220329,121.3128898128898129
Hamburg,1,218564,155.0408333333333333
München,1,198911,166.2251616696061141
Leipzig,1,124118,130.6038338658146965
Dresden,1,121232,207.5824795081967213
Hannover,1,100271,67.0157397691500525
Nürnberg,1,98748,88.7011128775834658
Stuttgart,1,87723,165.5635036496350365
Bremen,1,85392,100.3196721311475410
Frankfurt am Main,1,83723,141.7460035523978686
Düsseldorf,1,79853,128.6729758149316509
Braunschweig,1,66259,76.5410821643286573
Bonn,1,60649,148.0604113110539846
Lübeck,1,60036,68.7576419213973799
Münster (Westfalen),1,51712,86.7526881720430108
Aachen,1,51604,83.8070539419087137
Mainz,1,50182,249.5788617886178862
Mainz,5,50182,249.5788617886178862
Magdeburg,1,44389,41.0313725490196078
Augsburg,1,40927,57.2288461538461538
Essen,1,40924,78.3173588924387646
Heilbronn,1,39707,68.5372023809523810
Karlsruhe,1,39090,152.3935860058309038
Heidelberg,1,36902,113.3739376770538244
Kassel,1,36303,107.5589123867069486
Dortmund,1,36220,152.0771428571428571
Kiel,1,35539,115.4555984555984556
Mannheim,1,35345,153.2268518518518519
Erfurt,1,31012,69.5909090909090909
Rostock,1,30719,87.2181818181818182
Koblenz,1,30583,141.1555555555555556
Koblenz,5,30583,141.1555555555555556
Potsdam,1,29440,247.4300791556728232
Halle (Saale),1,29079,79.5558739255014327
Jena,1,28824,61.2569444444444444
Darmstadt,1,28656,70.1294765840220386
Trier,1,27314,117.5155279503105590
Trier,5,27314,117.5155279503105590
Göttingen,1,27235,153.4416243654822335
Regensburg,1,27161,69.8504672897196262
Mönchengladbach,1,27144,27.4905231235784685
Radebeul,2,26412,291.2225289895085588
Freiburg im Breisgau,1,25959,118.4716049382716049
Quedlinburg,2,25726,15.8401184307920059
Wuppertal,1,25441,69.7843971631205674
Duisburg,1,25056,146.2682926829268293
Stralsund,1,23689,32.3027343750000000
Chemnitz,1,23673,88.5888324873096447
Weimar,3,22169,71.9695817490494297
Wiesbaden,1,22059,198.0715563506261181
Bochum,1,21694,85.5266331658291457
Tübingen,1,21401,348.2166666666666667
Würzburg,1,20799,84.1206030150753769
Bielefeld,1,20412,96.4543209876543210
Ulm,1,20181,111.1578947368421053
Marburg,1,20060,129.0847457627118644
Flensburg,1,20045,107.7008547008547009
Osnabrück,1,19277,77.4623655913978495
Saarbrücken,1,19149,108.4127516778523490
Bamberg,1,18073,81.9897435897435897
Schwerin,1,18027,62.4899328859060403
Hanau,1,17705,75.6255144032921811
Coburg,1,17173,52.5204918032786885
Greifswald,1,16749,88.2803738317757009
Hildesheim,1,16635,60.3843137254901961
Bayreuth,1,15892,94.6060606060606061
Speyer,3,15648,114.8807947019867550
Paderborn,1,15427,132.5829383886255924
Gießen,1,15401,116.9809523809523810
Gera,1,15186,43.6113537117903930
Görlitz,1,15015,75.3511904761904762
Düren,6,14659,42.4691151919866444
Konstanz,1,14474,95.3676470588235294
Gotha,3,14283,63.6912751677852349
Bremerhaven,2,14111,162.8603351955307263
Krefeld,1,13883,73.3053892215568862
Fulda,1,13880,106.3200000000000000
Minden,6,13675,96.7176079734219269
Lüneburg,1,13495,106.9272727272727273
Lutherstadt Wittenberg,3,13342,89.8888888888888889
Schleswig,2,13118,451.5108695652173913
Eisenach,3,13047,55.7859922178988327
Passau,1,12843,203.9675324675324675
Hamm,2,12750,66.4523809523809524
Siegen,1,12057,62.7380073800738007
Erlangen,1,11747,92.7812500000000000
Cottbus,1,11594,65.8640776699029126
Worms,3,11502,74.6727272727272727
Emden,3,10903,113.5409836065573770
Oberhausen,2,10739,145.4562500000000000
Bautzen,1,10363,102.5586854460093897
Aschaffenburg,1,10176,60.5914396887159533
Landshut,1,10030,56.9919354838709677
Kaiserslautern,1,9970,67.1904761904761905
Hof (Saale),1,9672,59.6234567901234568
Hagen,1,9566,65.8819875776397516
Ingolstadt,1,9563,146.3630136986301370
Meißen,2,9552,79.7682926829268293
Gelsenkirchen,2,9307,161.5672514619883041
Detmold,6,9229,108.0153374233128834
Baden-Baden,3,9096,76.7076923076923077
Altenburg,3,9084,49.4920000000000000
Plauen,1,9046,57.6760563380281690
Eichstätt,2,9016,60.1388888888888889
Freiberg,2,9003,78.6500000000000000
Celle,1,8998,66.4886363636363636
Fürth,1,8972,233.5513043478260870
Meiningen,2,8919,60.8333333333333333
Arnsberg,6,8822,61.2962962962962963
Solingen,2,8802,62.3374233128834356
Freising,3,8741,54.5351351351351351
Herford,6,8623,93.1841155234657040
Neuss,6,8506,196.6843891402714932
Ludwigsburg,2,8455,178.0637583892617450
Frankfurt (Oder),1,8085,62.9523809523809524
Berchtesgaden,2,7974,109.6318681318681319
Ansbach,1,7626,55.3502304147465438
Memmingen,1,7622,44.0666666666666667
Ludwigshafen am Rhein,1,7460,220.4708624708624709
Ludwigshafen am Rhein,5,7460,220.4708624708624709
Aurich,2,7295,188.1739130434782609
Bergisch Gladbach,6,7245,27.8535871156661786
Brilon,6,7237,35.7694805194805195
Iserlohn,6,7216,81.9139072847682119
Brandenburg an der Havel,1,7143,55.6547619047619048
Wilhelmshaven,1,7142,61.0839160839160839
Ravensburg,1,7030,104.5000000000000000
Soest,6,6928,56.1739130434782609
Remscheid,2,6833,89.9302325581395349
Herne,2,6799,137.8066115702479339
Bad Kissingen,2,6775,49.2281553398058252
Offenbach am Main,1,6676,231.8982161594963274
Witten,6,6661,75.7508610792192882
Garmisch-Partenkirchen,3,6649,67.5948275862068966
Pforzheim,1,6546,53.2601626016260163
Leverkusen,2,6486,104.4878472222222222
Mülheim an der Ruhr,2,6452,170.8090452261306533
Wetzlar,1,6439,120.2134146341463415
Kempten (Allgäu),1,6346,37.3884514435695538
Wolfsburg,1,6282,57.2739726027397260
Salzgitter,1,6261,99.4050632911392405
Goslar,2,6230,69.5031055900621118
Nordhausen,3,6135,55.8150289017341040
Rosenheim,1,6102,106.2666666666666667
Lüdenscheid,6,6095,64.5483870967741935
Schweinfurt,1,6053,61.9391304347826087
Gütersloh,6,6038,89.4192307692307692
Eschweiler,6,5986,73.0113960113960114
Amberg,1,5921,82.0568181818181818
Pirna,2,5842,112.4261603375527426
Stade,2,5824,57.1052631578947368
Straubing,1,5792,63.0325203252032520
Reutlingen,1,5761,105.4761904761904762
Neubrandenburg,1,5729,51.7977528089887640
Schwäbisch Hall,2,5710,52.2311111111111111
Jülich,6,5698,63.9543568464730290
Schwäbisch Gmünd,2,5681,60.7257142857142857
Lindau (Bodensee),2,5662,115.0955056179775281
Kleve,6,5597,83.7431192660550459
Halberstadt,3,5585,44.8493150684931507
Cheb,2,5583,40.4955752212389381
Leer (Ostfriesland),2,5535,87.3829787234042553
Zwickau,1,5491,81.8256880733944954
Recklinghausen,6,5414,108.9406779661016949
Merseburg,3,5374,84.5471698113207547
Wolfenbüttel,2,5306,102.0937500000000000
Sigmaringen,2,5170,92.2521739130434783
Cuxhaven,2,5147,314.8260869565217391
Norden (Ostfriesland),2,5139,80.3222222222222222
Neuwied,5,5097,87.8522167487684729
Friedrichshafen,1,5064,181.9182389937106918
Lörrach,1,5048,182.8406113537117904
Naumburg (Saale),3,5027,93.8461538461538462
Bad Kreuznach,2,4982,56.1712328767123288
Dachau,2,4908,141.2075471698113208
Wismar,2,4878,58.1518987341772152
Moers,6,4858,219.4946236559139785
Hameln,3,4834,60.3301886792452830
Esslingen am Neckar,2,4791,142.3591731266149871
Oberstdorf,2,4784,32.4074074074074074
Rudolstadt,3,4783,76.2500000000000000
Kaufbeuren,1,4775,50.6705882352941176
Hemer,6,4708,83.9570957095709571
Stendal,3,4603,30.6712328767123288
Ilmenau,2,4557,55.5795454545454545
Saarlouis,2,4471,191.2941176470588235
Unna,6,4433,79.1106382978723404
Limburg an der Lahn,3,4365,88.3504672897196262
Greiz,2,4325,54.1217391304347826
Viersen,6,4293,61.4440559440559441
Landau in der Pfalz,3,4280,80.0833333333333333
Landau in der Pfalz,5,4280,80.0833333333333333
Rendsburg,2,4262,85.1973684210526316
Aue (Sachsen),2,4237,93.9939393939393939
Lemgo,6,4227,70.1695906432748538
Heinsberg,6,4226,55.7500000000000000
Wesel,6,4223,99.6065573770491803
Freital,2,4195,296.3033586132177681
Euskirchen,6,4182,43.5317073170731707
Neustadt an der Weinstraße,5,4164,88.6875000000000000
Suhl,3,4118,58.1101694915254237
Sondershausen,2,4108,66.0506329113924051
Helmstedt,2,4072,62.2477876106194690
Gunzenhausen,2,4056,46.1174242424242424
Kulmbach,3,4023,140.8989898989898990
Eckernförde,2,3990,42.2531645569620253
Bad Homburg vor der Höhe,2,3967,74.7380191693290735
Neustrelitz,2,3904,31.5285714285714286
Bensheim,2,3887,101.2032085561497326
Pirmasens,2,3837,66.8571428571428571
Eberswalde,2,3834,100.1304347826086957
Zittau,2,3830,60.5655737704918033
Hattingen,6,3827,69.5340253748558247
Roth,2,3814,78.2812500000000000
Güstrow,2,3790,52.2291666666666667
Offenburg,1,3771,82.8405797101449275
Aalen,2,3748,97.6132075471698113
Arnstadt,2,3736,350.7469135802469136
Warburg,6,3722,48.7054263565891473
Göppingen,2,3701,70.2702702702702703
Friedberg (Hessen),3,3692,99.6549295774647887
Bingen am Rhein,2,3680,78.6861702127659574
Mühlhausen/Thüringen,3,3651,4966.5454545454545455
Rottweil,2,3647,59.9577464788732394
Neumünster,1,3644,28.3600000000000000
Rastatt,2,3642,103.8660714285714286
Schmallenberg,6,3641,65.3113772455089820
Homburg,2,3640,82.4327485380116959
Homburg,3,3640,82.4327485380116959
Annaberg-Buchholz,2,3597,184.8703703703703704
Bad Honnef,6,3582,93.8393162393162393
Bottrop,2,3575,174.5823045267489712
Olpe,6,3567,42.5328467153284672
Frankenthal (Pfalz),2,3562,253.6531791907514451
Höxter,6,3543,99.5904761904761905
Cham (Oberpfalz),2,3520,58.9487179487179487
Sonneberg,2,3476,59.7380952380952381
Füssen,2,3469,74.2990654205607477
Radevormwald,6,3457,38.0411471321695761
Husum,2,3454,75.2857142857142857
Bruchsal,2,3440,93.0000000000000000
Gummersbach,6,3341,39.9653465346534653
Eilenburg,2,3319,49.2804878048780488
Grimma,2,3293,38.9066666666666667
Prenzlau,2,3282,58.8400000000000000
Apolda,2,3278,48.7986111111111111
Brühl (Rheinland),6,3261,98.0089552238805970
Zweibrücken,3,3260,98.5641025641025641
Meschede,6,3246,66.3407079646017699
Hilden,6,3194,108.3926940639269406
Weilburg,2,3171,73.8504672897196262
Parchim,2,3168,31.9210526315789474
Königswinter,6,3165,185.2313003452243959
Coesfeld,6,3161,71.4333333333333333
Lippstadt,6,3141,59.3855421686746988
Itzehoe,2,3124,49.8750000000000000
Neunkirchen (Saar),2,3115,64.9136363636363636
Siegburg,6,3113,101.2575000000000000
Northeim,2,3107,55.7849462365591398
Wernigerode,2,3091,29.8375000000000000
Stolberg (Rheinland),6,3086,87.3163538873994638
Weißenburg in Bayern,2,3081,56.9036144578313253
Salzwedel,2,3073,33.6949152542372881
Villingen-Schwenningen,1,3071,45.9629629629629630
Landsberg am Lech,2,3060,76.8333333333333333
Rheine,6,3060,48.6000000000000000
Delmenhorst,3,3058,56.2200000000000000
Bad Hersfeld,3,3044,79.1595744680851064
Boppard,2,3026,124.7259259259259259
Löbau,2,3005,48.7542372881355932
Velbert,6,3003,46.2096774193548387
Hürth,6,3002,444.3437967115097160
Uelzen,2,2987,58.2873563218390805
Peine,2,2977,66.5617977528089888
Werl,6,2975,44.5847953216374269
Deggendorf,1,2969,139.3780487804878049
Nördlingen,2,2969,49.2162162162162162
Neuruppin,2,2967,50.2448979591836735
Einbeck,2,2953,52.5447154471544715
Schmalkalden,2,2951,65.1111111111111111
Kronach,2,2950,42.1090909090909091
Lübbecke,6,2942,71.5197740112994350
Bocholt,6,2926,47.6666666666666667
Ludwigslust,2,2914,79.9534883720930233
Andernach,2,2911,93.5444444444444444
Büdingen,2,2902,70.0847457627118644
Oranienburg,2,2901,122.0547945205479452
Erkelenz,6,2889,36.6797752808988764
Weißenfels,2,2886,66.5454545454545455
Soltau,2,2860,62.0000000000000000
Dillenburg,2,2855,100.8640776699029126
Bergheim,6,2822,57.3472803347280335
Schneeberg (Erzgebirge),2,2822,103.5185185185185185
Riesa,2,2816,62.3857142857142857
Neumarkt in der Oberpfalz,1,2802,40.6666666666666667
Eutin,2,2799,30.9462365591397849
Tuttlingen,2,2795,69.0312500000000000
Nordhorn,3,2781,50.7413793103448276
Gifhorn,2,2754,34.8923076923076923
Teltow,2,2728,182.4469178082191781
Holzminden,2,2716,125.8508771929824561
Hoyerswerda,1,2697,56.0000000000000000
Calw,2,2689,78.9529411764705882
Bad Tölz,2,2661,54.2093023255813953
Anklam,2,2656,60.1025641025641026
Alzey,2,2650,57.3529411764705882
Böblingen,2,2646,88.1397058823529412
Fritzlar,2,2641,92.8115942028985507
Hildburghausen,2,2640,53.5658914728682171
Bad Reichenhall,2,2638,54.3607594936708861
Demmin,2,2624,52.5671641791044776
Neu-Ulm,1,2618,209.1945945945945946
St. Wendel,2,2595,80.5700934579439252
Torgau,2,2590,29.5312500000000000
Bad Dürkheim,2,2561,68.3299492385786802
Lohmar,6,2561,76.3717277486910995
Hechingen,2,2556,55.2072072072072072
Weinheim,2,2553,79.0662251655629139
Mayen,2,2546,76.6060606060606061
Grevenbroich,6,2542,49.7880184331797235
Ratingen,6,2542,206.8875000000000000
Dillingen an der Donau,2,2534,62.8560606060606061
Traunstein,1,2533,70.7804878048780488
Geldern,6,2532,70.4098360655737705
Delitzsch,2,2528,45.5074626865671642
Erding,2,2524,49.9420289855072464
Singen (Hohentwiel),2,2516,58.8256880733944954
Hann. Münden,2,2512,176.2989690721649485
Biedenkopf,2,2510,86.4916666666666667
Lich,2,2509,121.4545454545454545
Lichtenfels (Oberfranken),2,2502,74.7079646017699115
Biberach an der Riß,2,2476,74.0740740740740741
Heide (Holstein),2,2473,61.0370370370370370
Kitzingen,2,2468,71.1137724550898204
Meppen,2,2466,85.1911764705882353
Nienburg/Weser,2,2450,64.2535211267605634
Rinteln,2,2443,66.3618421052631579
Starnberg,2,2422,84.4504504504504505
Jever,2,2421,71.6132075471698113
Marl,6,2416,122.7189542483660131
Vechta,2,2416,66.5818181818181818
Jüterbog,2,2409,71.9333333333333333
Pinneberg,4,2397,90.4881889763779528
Günzburg,2,2396,68.2843137254901961
Menden (Sauerland),6,2393,89.0708955223880597
Germersheim,2,2392,90.4800000000000000
Mettmann,6,2388,76.3650442477876106
Borken,6,2384,107.8780487804878049
Aschersleben,2,2383,46.0000000000000000
Dorsten,6,2382,94.5000000000000000
Mosbach,2,2380,83.2166666666666667
Lingen (Ems),3,2378,44.6666666666666667
Lünen,6,2368,71.6232558139534884
Bückeburg,2,2366,157.7094339622641509
Wertheim,2,2366,73.6382978723404255
Tauberbischofsheim,2,2365,82.5441176470588235
Geilenkirchen,6,2364,54.8348623853211009
Altena,6,2362,108.1631205673758865
Herborn,2,2362,108.8125000000000000
Lübben (Spreewald),2,2357,152.5500000000000000
Großenhain,2,2353,36.8607594936708861
Forchheim,2,2348,76.5744680851063830
Schwandorf,2,2342,45.5090909090909091
Gelnhausen,2,2340,94.4672897196261682
Bitburg,5,2336,52.0909090909090909
Donauwörth,2,2333,81.3777777777777778
Steinfurt,6,2326,56.8461538461538462
Diepholz,2,2312,34.5208333333333333
Freudenstadt,2,2306,100.0000000000000000
Radeberg,2,2302,96.4098360655737705
Balingen,2,2299,79.2842105263157895
Nidda,2,2299,70.0796460176991150
Ibbenbüren,6,2289,76.3444444444444444
Rothenburg ob der Tauber,2,2264,28.9811320754716981
Wipperfürth,6,2243,32.3333333333333333
Bad Nauheim,3,2234,114.3928571428571429
Altenkirchen (Westerwald),2,2233,58.2857142857142857
Burghausen,2,2228,115.1063829787234043
Merzig,2,2219,69.8191489361702128
Butzbach,2,2213,71.6560509554140127
Neuburg an der Donau,2,2212,54.5909090909090909
Braunau am Inn,2,2209,124.6779661016949153
Montabaur,5,2189,72.4056603773584906
Kamenz,2,2182,57.6388888888888889
Fürstenfeldbruck,2,2162,68.2045454545454545
Kelheim,2,2155,101.4528301886792453
Bernau bei Berlin,2,2150,74.4646464646464646
Osterode am Harz,2,2148,49.7586206896551724
Heidenheim an der Brenz,2,2147,56.3246753246753247
Sinsheim,2,2141,66.3294117647058824
Spremberg,2,2138,53.1489361702127660
Erbach (Odenwald),2,2134,147.7053571428571429
Schwabach,3,2124,49.5652173913043478
Donaueschingen,2,2119,82.7833333333333333
Nürtingen,2,2111,82.4393939393939394
Dinkelsbühl,2,2110,25.9743589743589744
Melle,2,2110,47.6071428571428571
Guben,2,2106,57.6363636363636364
Langenfeld (Rheinland),6,2100,115.4301801801801802
Crailsheim,2,2089,39.8730158730158730
Winterberg,6,2082,27.8412017167381974
Beeskow,2,2069,136.3571428571428571
Weiden in der Oberpfalz,1,2066,58.7882352941176471
Schwerte,6,2065,204.9662447257383966
Prüm,2,2060,52.1625000000000000
Xanten,6,2060,49.8829787234042553
Döbeln,2,2059,64.0540540540540541
Dieburg,2,2056,88.1595744680851064
Gladbeck,6,2052,119.1423076923076923
Rottenburg am Neckar,2,2045,57.7973856209150327
Idar-Oberstein,5,2040,42.2268041237113402
Rathenow,2,2039,96.1333333333333333
Lüchow (Wendland),2,2038,63.2142857142857143
Bernburg (Saale),2,2021,74.6067415730337079
Warendorf,6,2018,83.3191489361702128
Borna,2,2004,83.5454545454545455
Elmshorn,2,1999,86.2924528301886792
Büren (Westfalen),6,1998,56.0396039603960396
Weingarten (Württemberg),1,1989,151.6869565217391304
Backnang,2,1988,90.6708860759493671
Idstein,2,1987,68.9696969696969697
Leonberg,2,1984,83.3239436619718310
Miltenberg,2,1983,69.4495412844036697
Altötting,2,1982,79.8055555555555556
Syke,2,1974,64.9729729729729730
Bad Oeynhausen,6,1963,65.7661290322580645
Aichach,2,1961,59.5376344086021505
Schwarzenberg/Erzgeb.,2,1959,91.4157303370786517
Heilbad Heiligenstadt,2,1957,83.0084745762711864
Marienberg,2,1955,66.0943396226415094
Emmerich am Rhein,6,1950,123.3333333333333333
Mindelheim,2,1948,39.6614583333333333
Oppenheim,5,1945,59.5535714285714286
Schwedt/Oder,2,1945,41.2962962962962963
Dinslaken,6,1942,90.8201058201058201
Friedberg (Bayern),2,1939,144.7103004291845494
Heppenheim (Bergstraße),2,1936,131.8097826086956522
Ahlen,6,1934,64.2888888888888889
St. Ingbert,2,1932,148.7192982456140351
Clausthal-Zellerfeld,2,1929,87.4060150375939850
Halle (Westf.),6,1926,70.5850340136054422
Sangerhausen,2,1920,58.7088607594936709
Ehingen (Donau),2,1917,68.3650793650793651
Marsberg,6,1915,43.6760563380281690
Neckarsulm,2,1912,127.1837916063675832
Bad Salzuflen,6,1904,98.8167330677290837
Staßfurt,2,1899,56.8281250000000000
Zeitz,2,1896,43.0000000000000000
Bietigheim-Bissingen,2,1895,140.1440000000000000
Sulzbach-Rosenberg,2,1889,134.3750000000000000
Eitorf,6,1886,30.4277456647398844
Kehl,2,1878,271.2478632478632479
Dessau-Roßlau,1,1875,180.6181818181818182
Burg (bei Magdeburg),2,1873,36.6491228070175439
Eschwege,2,1869,69.6638655462184874
Lahr/Schwarzwald,2,1865,54.2745098039215686
Bad Mergentheim,2,1862,75.1290322580645161
Sindelfingen,2,1861,96.0821917808219178
Korbach,2,1849,89.0114942528735632
Luckenwalde,2,1849,95.8787878787878788
Nauen,2,1845,66.7500000000000000
Schorndorf,2,1837,57.7901234567901235
Bad Laasphe,6,1832,72.3153846153846154
Fürstenwalde/Spree,2,1826,55.4375000000000000
Strausberg,2,1814,270.5762711864406780
Cloppenburg,2,1811,31.6444444444444444
Alsfeld,2,1809,37.1341463414634146
Bad Berleburg,6,1808,104.1710526315789474
Wolgast,2,1808,62.5500000000000000
Bad Wildungen,2,1806,77.6442307692307692
Köthen (Anhalt),2,1806,60.6666666666666667
Simmern/Hunsrück,5,1801,949.8659793814432990
Cochem,5,1799,53.1523809523809524
Königstein im Taunus,2,1793,101.7528957528957529
Monschau,6,1787,46.6666666666666667
Ebersberg,2,1785,56.2209302325581395
Regen (Stadt),2,1781,144.7818181818181818
Castrop-Rauxel,6,1779,67.7925764192139738
Bünde,6,1775,72.2163461538461538
Templin,2,1761,96.7586206896551724
Frankenberg (Eder),2,1758,61.2535211267605634
Bogen (Stadt),2,1757,77.3596059113300493
Kempen,6,1754,87.1111111111111111
Schongau,2,1747,62.8545454545454545
Schleiz,2,1740,69.3636363636363636
Rüsselsheim am Main,3,1735,287.4588744588744589
Herrenberg,2,1734,55.1250000000000000
Saarburg,2,1724,58.5945945945945946
Warstein,6,1720,55.2375000000000000
Springe,2,1699,58.7166666666666667
Verden (Aller),2,1699,80.8461538461538462
Lage (Lippe),6,1693,128.4293333333333333
Erftstadt,6,1687,93.8626760563380282
Korschenbroich,6,1682,45.7972270363951473
Attendorn,6,1677,60.2426035502958580
Kusel,5,1675,75.8288288288288288
Oschatz,2,1674,62.5882352941176471
Waldshut-Tiengen,2,1669,99.1386861313868613
Meerbusch,6,1667,202.4532019704433498
Mühldorf am Inn,2,1664,95.8870967741935484
Herten,6,1663,157.9743589743589744
Remagen,5,1663,90.1416184971098266
Bad Salzungen,2,1659,69.4655172413793103
Dülmen,6,1650,40.2916666666666667
Wittmund,2,1641,77.8518518518518519
Engelskirchen,6,1640,40.1285046728971963
Bühl (Baden),2,1638,88.5750000000000000
Buxtehude,2,1635,88.2592592592592593
Wittlich,2,1629,64.4705882352941176
Dippoldiswalde,2,1620,71.1788617886178862
Kamen,6,1619,87.6548672566371681
Duderstadt,2,1616,46.0000000000000000
Papenburg,2,1616,49.4776119402985075
Ahrensburg,4,1613,75.8400000000000000
Pfullendorf,2,1607,66.8037383177570093
Bremervörde,2,1606,42.5000000000000000
Königs Wusterhausen,2,1605,65.8804347826086957
Selb,2,1605,38.3846153846153846
Dillingen/Saar,2,1595,212.4131736526946108
Daun,2,1589,53.3711340206185567
Grünstadt,2,1589,70.4419642857142857
Petershagen,6,1587,49.3076923076923077
Rotenburg (Wümme),2,1586,44.7894736842105263
Haldensleben,2,1585,61.0000000000000000
Forst (Lausitz),2,1584,108.3333333333333333
Wurzen,2,1581,63.1315789473684211
Ettlingen,2,1578,295.1237458193979933
Hennef (Sieg),6,1578,64.2531017369727047
Frechen,6,1576,102.8909465020576132
Schwelm,6,1573,83.9977401129943503
Dormagen,6,1569,136.6337448559670782
Groß-Gerau,2,1566,190.0421052631578947
Schönebeck (Elbe),3,1563,30.2709359605911330
Bad Langensalza,2,1555,35.7066666666666667
Ingelheim am Rhein,2,1553,83.2476190476190476
Homberg (Efze),2,1547,86.8507462686567164
Rietberg,6,1546,64.7589285714285714
Troisdorf,6,1541,279.0254629629629630
Horn-Bad Meinberg,6,1539,124.8819444444444444
Miesbach,2,1536,95.0246913580246914
Birkenfeld (Nahe),5,1534,51.1948051948051948
Porta Westfalica (Stadt),6,1531,133.4017341040462428
Pasewalk,2,1528,31.6025641025641026
Lutherstadt Eisleben,2,1523,70.6136363636363636
Bad Segeberg,2,1522,31.4347826086956522
Hachenburg,5,1521,48.9572649572649573
Rheinberg,6,1519,85.6381578947368421
Lennestadt,6,1518,78.1194029850746269
Münchberg,2,1515,54.4705882352941176
Vlotho,6,1507,65.9411764705882353
Burgdorf (Region Hannover),2,1506,74.2542372881355932
Bretten,2,1505,72.3645833333333333
Waiblingen,2,1504,153.6073619631901840
Wadern,2,1503,45.5131578947368421
Diez,2,1499,93.9704433497536946
Lehrte,2,1498,57.0200000000000000
Tirschenreuth,2,1495,70.2394366197183099
Bad Doberan,2,1488,56.3134328358208955
Eberbach,2,1487,48.6363636363636364
Horb am Neckar,2,1486,48.5394736842105263
Usingen,2,1478,47.4545454545454545
Eisenberg (Thüringen),2,1477,37.3587786259541985
Goch,6,1467,48.5882352941176471
Bad Harzburg,2,1458,96.4390243902439024
Glauchau,2,1456,90.5882352941176471
Pegnitz (Stadt),2,1452,42.7272727272727273
Lauterbach (Hessen),2,1447,77.2878787878787879
Bad Pyrmont,2,1444,47.8309859154929577
Langenhagen,3,1443,187.0755395683453237
Weilheim in Oberbayern,2,1442,76.8684210526315789
Laubach,2,1441,793.3207547169811321
Haan,6,1440,82.7496087636932707
Uslar,2,1440,75.0724637681159420
Künzelsau,2,1436,68.5684210526315789
Alsdorf,6,1433,96.7734375000000000
Neustadt am Rübenberge,2,1433,62.2318840579710145
Schramberg,2,1428,51.4324324324324324
Hammelburg,2,1422,39.5483870967741935
Plettenberg,6,1418,56.1986301369863014
Mittweida,2,1416,92.6304347826086957
Rüdesheim am Rhein,2,1415,100.0000000000000000
Kirchheim unter Teck,2,1409,87.3384615384615385
Bad Windsheim,2,1408,49.0327868852459016
Ellwangen (Jagst),2,1396,68.8923076923076923
Grünberg (Hessen),2,1394,710.7851239669421488
Kerpen,6,1394,62.8797250859106529
Münsingen (Württemberg),2,1390,36.3076923076923077
Blieskastel,2,1385,76.8895027624309392
Bernkastel-Kues,5,1383,79.2589285714285714
Leutkirch im Allgäu,2,1383,31.6388888888888889
Schlüchtern,2,1378,43.6078431372549020
Schwetzingen,2,1378,103.7838983050847458
Schleiden,6,1377,59.7132867132867133
Tegernsee (Stadt),2,1365,86.1359223300970874
Bad Arolsen,2,1362,45.4823529411764706
Ennepetal,6,1361,45.6310272536687631
Sömmerda,2,1361,67.0129870129870130
Beckum,6,1357,58.4339622641509434
Bergkamen,6,1357,102.5211267605633803
Walsrode,2,1355,65.0476190476190476
Rheinfelden (Baden),2,1353,63.0268817204301075
Varel,2,1347,39.0000000000000000
Sprockhövel,6,1332,60.9824797843665768
Eisenhüttenstadt,2,1330,94.3571428571428571
Hennigsdorf,2,1327,116.2718446601941748
Sundern (Sauerland),6,1321,91.6695652173913043
Stadthagen,2,1320,72.8611111111111111
Kreuztal,6,1319,66.7245508982035928
Michelstadt,2,1317,71.3000000000000000
Coswig (Sachsen),2,1313,272.7074468085106383
Quakenbrück,2,1311,45.4750000000000000
Datteln,6,1309,58.2677165354330709
Ahaus,6,1307,52.6250000000000000
Blomberg,6,1304,79.5438596491228070
Bad Gandersheim,2,1301,54.3232323232323232
Alzenau,2,1291,60.9843750000000000
Grafenau (Niederbayern),2,1290,76.4629629629629630
Kevelaer,6,1285,96.1500000000000000
Völklingen,2,1283,70.2800000000000000
Bebra,2,1282,58.2987012987012987
Borken (Hessen),2,1277,94.4131736526946108
Herzogenrath,6,1274,76.5017301038062284
Oberursel (Taunus),2,1274,107.7388392857142857
Fellbach,2,1269,308.3495440729483283
Wangen im Allgäu,2,1268,50.9875000000000000
Murnau am Staffelsee,2,1267,62.7916666666666667
Sonthofen,2,1264,71.0952380952380952
Wegberg,6,1263,58.5534246575342466
Finsterwalde,2,1261,62.5161290322580645
Bad Waldsee,2,1257,40.8103448275862069
Langen (Hessen),2,1257,129.5714285714285714
Nagold (Stadt),2,1256,51.5921052631578947
Groß-Umstadt,2,1252,91.1206896551724138
Rheinbach,6,1242,87.5704697986577181
Gladenbach,2,1240,55.2049180327868852
Weil am Rhein,1,1240,184.7861507128309572
Haltern am See,6,1239,45.6714285714285714
Brake (Unterweser),2,1238,95.7750000000000000
Gronau (Westf.),6,1231,30.8518518518518519
Blaubeuren,2,1230,61.5882352941176471
Dingolfing,2,1227,71.6097560975609756
Bad Vilbel,2,1225,227.0281973816717019
Geseke,6,1222,54.2236842105263158
Meinerzhagen,6,1220,32.6401869158878505
Seligenstadt,2,1219,76.7074468085106383
Munster (Örtze),2,1218,46.1578947368421053
Albstadt,2,1215,75.9213483146067416
Markkleeberg,2,1212,332.8616144975288303
Bornheim (Rheinland),6,1209,293.3714285714285714
Norderstedt,4,1208,90.5533333333333333
Lohr am Main,2,1206,54.6333333333333333
Werne,6,1201,100.6250000000000000
Mechernich,6,1200,50.3063583815028902
Bad Säckingen,2,1198,66.7109375000000000
Bedburg,6,1198,74.7252252252252252
Mölln,2,1198,88.0112359550561798
Lorsch,2,1197,128.1920529801324503
Emmendingen,2,1196,98.6956521739130435
Lüdinghausen,6,1196,69.7818181818181818
Alfeld (Leine),2,1195,48.1919191919191919
Laupheim,2,1195,63.0579710144927536
Müllheim (Baden),2,1187,67.0659340659340659
Bad Aibling,2,1186,123.4255319148936170
Kronberg im Taunus,2,1186,118.1307506053268765
Krumbach (Schwaben),2,1185,42.1532258064516129
Hofgeismar,2,1182,59.0405405405405405
Neustadt an der Aisch,2,1179,42.3636363636363636
Vaihingen an der Enz,2,1177,100.8529411764705882
Linz am Rhein,2,1176,82.6642066420664207
Brakel,6,1172,75.4666666666666667
Hagenow,2,1169,63.3333333333333333
Wiesloch,2,1168,85.3832335329341317
Bad Ems,2,1167,224.0987341772151899
Schopfheim,2,1165,49.1376811594202899
Pulheim,6,1161,85.2712765957446809
Bad Saulgau,2,1159,77.4307692307692308
Buchen (Odenwald),2,1155,59.0000000000000000
Herdecke,6,1150,75.3689320388349515
Werdau,2,1145,110.4285714285714286
Eggenfelden,2,1144,73.4166666666666667
Riedlingen,2,1142,51.2054794520547945
Hersbruck,2,1138,49.0645161290322581
Hungen,2,1137,117.5681818181818182
Wunsiedel,3,1135,39.0935251798561151
Crimmitschau,2,1134,77.2527472527472527
Geisenheim,2,1133,101.5424528301886792
Löhne,6,1132,105.9009900990099010
Reichenbach im Vogtland,2,1127,117.1851851851851852
Bad Oldesloe,2,1123,46.5882352941176471
Gerolstein,2,1122,79.6031746031746032
Geislingen an der Steige,2,1117,44.4939759036144578
Ludwigsfelde,2,1115,102.7536231884057971
Lauf an der Pegnitz,2,1113,54.4939024390243902
Kirn,5,1112,50.8695652173913043
Konz,5,1101,228.5836431226765799
Pfaffenhofen an der Ilm,2,1101,52.5172413793103448
Stollberg/Erzgeb.,2,1093,73.9220779220779221
Barsinghausen,2,1088,66.1086956521739130
Baunatal,2,1085,220.7564469914040115
Marktredwitz,3,1083,39.5000000000000000
Geesthacht,4,1081,67.2916666666666667
Hünfeld,2,1081,35.2063492063492063
Bad Driburg,6,1080,73.5952380952380952
Brunsbüttel,2,1076,42.3428571428571429
Schrobenhausen,2,1075,45.9729729729729730
Freyung,2,1074,68.3773584905660377
Osterholz-Scharmbeck,2,1064,70.2261904761904762
Kaarst,6,1063,84.2207792207792208
Leichlingen (Rheinland),6,1058,123.0952380952380952
Stockach,2,1058,54.2280701754385965
Bad Lobenstein,2,1057,68.1132075471698113
Wedel,4,1047,94.2713178294573643
Kirchhain,2,1044,59.3771929824561404
Achim (Landkreis Verden),2,1041,48.9764705882352941
Abensberg,2,1030,76.6885245901639344
Dreieich,2,1030,109.1207547169811321
Schwalmstadt,2,1022,66.9504950495049505
Neustadt bei Coburg,2,1019,66.0730337078651685
Freilassing,2,1014,219.3196125907990315
Bad Neuenahr-Ahrweiler,5,1011,81.9683257918552036
Wolfratshausen,2,1008,55.1882352941176471
Haiger,2,998,114.0847457627118644
Sankt Augustin,6,991,222.8690012970168612
Melsungen,2,987,65.7211538461538462
Seesen,2,987,45.5466666666666667
Hofheim am Taunus,2,985,115.1181102362204724
Waren (Müritz),2,983,35.4035087719298246
Kyritz,2,979,71.4482758620689655
Gernsbach,2,978,142.2440944881889764
Schifferstadt,5,978,190.4074074074074074
Greven,6,973,57.4200000000000000
Bramsche,2,972,78.8571428571428571
Betzdorf,5,971,69.3289473684210526
Bad Zwischenahn,2,968,64.1016949152542373
Bergen auf Rügen,2,967,162.7530864197530864
Schmölln,2,964,54.8080808080808081
Adenau,5,961,169.0960000000000000
Monheim am Rhein,6,961,136.5000000000000000
Waldkirch,2,961,127.9454545454545455
Mühlacker,2,960,81.2592592592592593
Landstuhl,5,959,82.6811594202898551
Steinheim (Westfalen),6,956,85.7938931297709924
Bad Soden am Taunus,2,949,105.7307692307692308
Ribnitz-Damgarten,2,949,61.8611111111111111
Kirchheimbolanden,5,948,59.6693548387096774
Domažlice,2,947,31.4772727272727273
Dahn,2,943,58.5135135135135135
Wermelskirchen,6,943,68.0645645645645646
Moosburg an der Isar,2,942,52.0540540540540541
Neunkirchen (Siegerland),6,942,113.3690476190476190
Gevelsberg,6,939,51.1372549019607843
Breisach am Rhein,2,938,42.3780487804878049
Nordenham,2,931,278.6357142857142857
Achern,2,928,79.3030303030303030
Neu-Isenburg,2,927,239.9893955461293743
Friedrichsdorf,2,925,78.4541666666666667
Oelde,6,925,56.0491803278688525
Eltville am Rhein,2,923,164.5437500000000000
Selm,6,922,75.7310924369747899
Wasserburg am Inn,2,920,77.6250000000000000
Teterow,2,919,37.6578947368421053
Weißwasser/Oberlausitz,2,919,91.8679245283018868
Pfarrkirchen,2,917,95.7142857142857143
Zerbst/Anhalt,2,916,25.5357142857142857
Lauscha,2,912,72.4017094017094017
Willich,6,912,88.8198198198198198
Lahnstein,5,904,213.4143518518518519
Bad Belzig,2,902,133.4375000000000000
Rheda-Wiedenbrück,6,894,92.6208791208791209
Delbrück,6,888,79.2976190476190476
Karlstadt,2,887,72.5245901639344262
Lebach,2,879,246.9139784946236559
Herzberg (Elster),2,878,67.1914893617021277
Zossen,2,878,94.3454545454545455
Laatzen,2,873,188.4603365384615385
Marktoberdorf,2,873,78.7708333333333333
Erkrath,6,870,218.0389294403892944
Grevesmühlen,2,870,57.0000000000000000
Wetter (Ruhr),6,869,75.9190839694656489
Titisee-Neustadt,2,865,103.5090909090909091
Auerbach/Vogtl.,2,863,85.1290322580645161
Ueckermünde,2,862,176.0000000000000000
Grimmen,2,861,31.8666666666666667
Rodgau,2,861,112.8382352941176471
Lohne (Oldenburg),2,856,108.2962962962962963
Sinzig,5,856,80.6113537117903930
Meisenheim,5,852,99.5794392523364486
Wörth am Rhein,5,851,124.1888888888888889
Gaggenau,2,848,141.3211678832116788
Kornwestheim,2,842,345.0500000000000000
Lengerich (Westfalen),6,841,92.9090909090909091
Rotenburg an der Fulda,2,841,56.4512195121951220
Marktheidenfeld,2,840,50.7327586206896552
Eschborn,2,839,216.4542910447761194
Lampertheim,2,837,270.8000000000000000
Westerburg,5,837,68.9927536231884058
Pößneck,2,835,37.5081967213114754
Bad Bergzabern,2,834,80.8653846153846154
Niesky,2,833,99.6304347826086957
Wesseling,6,831,119.9365558912386707
Lauterecken,5,830,68.1574074074074074
Hückelhoven,6,828,78.7482517482517483
Falkensee,2,827,227.2034883720930233
Waldsassen,2,817,33.8715596330275229
Bad Wildbad,2,814,40.5400000000000000
Annweiler am Trifels,5,813,61.9166666666666667
Edenkoben,5,811,113.9175257731958763
Kamp-Lintfort,6,811,151.3523809523809524
Radolfzell am Bodensee,2,810,73.7857142857142857
Vilsbiburg,2,809,80.0333333333333333
Westerstede,2,807,59.3620689655172414
Battenberg (Eder),2,806,44.7611940298507463
Wunstorf,2,806,71.6947368421052632
Penzberg,2,802,65.8205128205128205
Ochsenfurt,2,800,86.3263157894736842
Traben-Trarbach,5,799,82.2641509433962264
Waldbröl,6,792,28.1319018404907975
Emsdetten,6,791,105.9714285714285714
Bad Freienwalde (Oder),2,788,52.8987341772151899
Georgsmarienhütte,2,788,181.3131868131868132
Bad Wörishofen,2,781,48.1478873239436620
Immenstadt im Allgäu,2,776,86.4342105263157895
Bad Schwalbach,2,775,66.0000000000000000
Schkeuditz,2,774,57.7049180327868852
Witzenhausen,2,773,49.9747899159663866
Wülfrath,6,771,75.2453653217011996
Nettetal,6,768,78.5000000000000000
Sontra,2,762,50.0126582278481013
Garbsen,2,760,63.5325443786982249
Hohenstein-Ernstthal,2,756,92.8809523809523810
Grafing bei München,2,750,68.0340909090909091
Plattling,1,749,149.5245901639344262
Hessisch Lichtenau,2,748,61.5810810810810811
Lübbenau/Spreewald,2,745,123.8450704225352113
Viechtach,2,733,52.6744186046511628
Oelsnitz/Vogtl.,2,723,145.5625000000000000
Wolfach,2,723,80.8714285714285714
Espelkamp,6,720,93.2343750000000000
Burglengenfeld,2,719,52.9600000000000000
Staufen im Breisgau,2,719,79.9886363636363636
Heiligenhaus,6,717,76.3202614379084967
Bendorf,5,716,201.8368298368298368
Besigheim,2,715,108.2166666666666667
Buchholz in der Nordheide,2,713,67.8307692307692308
Wildeshausen,2,710,22.4019607843137255
Simbach am Inn,2,706,154.8653846153846154
Hermeskeil,2,704,49.4558823529411765
Sulingen,2,703,87.5555555555555556
Stadtroda,2,702,46.4525139664804469
Würselen,6,699,187.0594405594405594
Beverungen,6,698,88.1807228915662651
Kastellaun,5,694,148.5057471264367816
Stadtallendorf,2,694,68.3780487804878049
Oschersleben (Bode),2,690,51.1774193548387097
Herzogenaurach,2,686,191.0320000000000000
Griesheim,2,685,156.8194842406876791
Bad Blankenburg,3,684,102.5222222222222222
Öhringen,2,682,85.8165137614678899
Bad Brückenau,2,678,39.9000000000000000
Bad Orb,2,676,65.6900000000000000
Haßfurt,2,673,91.7384615384615385
Furth im Wald,2,668,48.9473684210526316
Eisenberg (Pfalz),5,665,67.5976331360946746
Gerolzhofen,2,663,52.8468468468468468
Trostberg,2,663,82.7333333333333333
Lauingen (Donau),2,662,85.0468750000000000
Metzingen,2,660,119.6527777777777778
Werdohl,6,660,75.5238095238095238
Viernheim,2,659,82.8392857142857143
Friesoythe,2,655,25.2727272727272727
Kandel (Pfalz),5,655,111.6935483870967742
Naila,2,655,73.4090909090909091
Dierdorf,5,654,58.1139240506329114
Gößnitz (Thüringen),2,652,58.1927710843373494
Illertissen,2,651,63.5540540540540541
Barntrup,6,649,64.6190476190476190
Heusenstamm,2,648,116.0532915360501567
Seelow,2,647,63.4102564102564103
Wolfhagen,2,645,46.3804347826086957
Wittingen,2,640,37.3181818181818182
Lößnitz (Erzgebirge),2,639,119.9935483870967742
Kirchen (Sieg),5,633,62.1337209302325581
Baumholder,5,625,39.2236842105263158
Vreden,6,622,46.9629629629629630
Bad Nenndorf,2,615,60.2621359223300971
Neuhaus am Rennweg,2,610,66.1052631578947368
Walldorf (Baden),2,609,112.8012820512820513
Waltrop,6,606,79.5467980295566502
Stadtlohn,6,600,85.9393939393939394
Vilshofen an der Donau,2,599,62.2131147540983607
Erkner,2,597,106.0204081632653061
Vallendar,5,597,214.0328638497652582
Sarstedt,2,596,75.3138686131386861
Limbach-Oberfrohna,2,595,89.5312500000000000
Winsen (Luhe),2,592,116.4193548387096774
Hochheim am Main,2,590,288.8505050505050505
Kirchberg (Hunsrück),5,585,818.4122807017543860
Bad Schlema,2,584,133.2714285714285714
Bad Neustadt an der Saale,2,582,61.4285714285714286
Landau an der Isar,2,577,281.0370370370370370
Dietzenbach,2,573,118.3706896551724138
Schwabmünchen,2,570,40.2166666666666667
Hermsdorf (Thüringen),2,567,55.6028368794326241
Kaltenkirchen,2,566,36.1363636363636364
Flörsheim am Main,2,562,384.6012658227848101
Parsberg,2,562,43.0697674418604651
Pocking,2,561,71.2244897959183673
Überlingen,2,559,63.5038167938931298
Oer-Erkenschwick,6,558,112.2797202797202797
Stuhr,2,556,257.1023622047244094
Bad Sobernheim,5,549,107.9890109890109890
Zwiesel,2,548,89.0142857142857143
Mainburg,2,545,82.1200000000000000
Rastede,2,544,27.2040816326530612
Gmund am Tegernsee,2,541,103.2934782608695652
Maintal,2,536,139.9121140142517815
Haslach im Kinzigtal,2,535,76.0400000000000000
Ochtrup,6,535,53.8846153846153846
Neukirchen-Vluyn,6,532,128.5271317829457364
Hamminkeln,6,531,150.8777777777777778
Sankt Goar,5,531,68.3928571428571429
Pfungstadt,2,528,143.1764705882352941
Rockenhausen,5,526,61.7857142857142857
Rottach-Egern,2,522,92.7904761904761905
Wissen (Stadt),5,522,60.2562500000000000
Obernburg am Main,2,520,66.2051282051282051
Bad Wiessee,2,519,90.7608695652173913
Kelkheim (Taunus),2,518,110.3036303630363036
Bad Kötzting,2,512,53.8478260869565217
Zell (Mosel),5,509,64.8953488372093023
Peiting,2,507,113.5000000000000000
Traunreut,2,507,86.0128205128205128
Baesweiler,6,503,76.8645418326693227
Nierstein,5,489,70.5865384615384615
Schwalmtal (Niederrhein),6,483,68.9369747899159664
Leinefelde-Worbis,2,478,115.1134020618556701
Neuötting,2,478,107.5844155844155844
Seevetal,2,475,128.4175824175824176
Geretsried,2,473,46.5984251968503937
Neuerburg,5,472,64.7922077922077922
Germering,2,463,82.9191489361702128
Haßloch,5,458,134.3740458015267176
Zella-Mehlis,3,458,127.8495575221238938
Bitterfeld-Wolfen,3,457,89.4558823529411765
Taunusstein,2,456,201.9713114754098361
Tönisvorst,6,455,164.5789473684210526
Heringen (Werra),2,450,61.2328767123287671
Voerde (Niederrhein),6,448,146.5209580838323353
Herxheim bei Landau/Pfalz,5,447,132.1734693877551020
Bad Krozingen,2,443,68.3877551020408163
Niederkassel,6,433,109.2451612903225806
Bürstadt,2,431,173.2777777777777778
Wächtersbach,2,426,110.7075471698113208
Leipheim,2,419,73.1979166666666667
Nieder-Olm,5,418,260.5833333333333333
Höhr-Grenzhausen,5,414,139.6615969581749049
Mühlheim am Main,2,411,136.8298755186721992
Lichtenstein/Sa.,2,407,106.1309523809523810
Hemmoor,2,403,49.0217391304347826
Hausham,2,399,116.0531914893617021
Lindenberg im Allgäu,2,398,95.3392857142857143
Falkenstein/Vogtl.,2,389,70.5370370370370370
Nastätten,5,389,39.5714285714285714
Vellmar,2,389,229.2908496732026144
Zeven,2,389,47.4375000000000000
Sankt Goarshausen,5,387,69.3274336283185841
Neustadt an der Donau,2,385,74.5000000000000000
Oldenburg (Oldb),1,367,43.0526315789473684
Hausach,2,364,87.9062500000000000
Mörfelden-Walldorf,2,358,120.6842105263157895
Ramstein-Miesenbach,5,358,91.4831460674157303
Höchstadt an der Aisch,2,357,49.4042553191489362
Rödermark,2,343,145.3555555555555556
Bad Soden-Salmünster,2,341,64.6990291262135922
Maxhütte-Haidhof,2,327,58.3818181818181818
Rodewisch,2,319,90.0000000000000000
Laichingen,2,311,36.7317073170731707
Neutraubling,2,310,155.7947019867549669
Ruhstorf an der Rott,2,306,126.7200000000000000
Weiterstadt,2,297,156.3711048158640227
Erlenbach am Main,2,288,77.4339622641509434
Allendorf (Eder),2,274,84.8351648351648352
Bruchköbel,2,269,146.7467811158798283
Obertshausen,2,267,159.4307692307692308
Artern/Unstrut,2,266,58.2424242424242424
Hattersheim am Main,2,260,129.1547169811320755
Waldkraiburg,2,260,172.2800000000000000
Schwalbach am Taunus,2,254,118.9392789373814042
Neuenhagen bei Berlin,2,237,123.8535031847133758
Zeulenroda-Triebes,2,233,47.2336448598130841
Wirges,5,229,111.6306306306306306
Teublitz,2,218,56.7906976744186047
Elsenfeld,2,217,64.1981981981981982
Großburgwedel,2,213,60.4634146341463415
Bad Klosterlausnitz,2,169,62.5185185185185185
Lauter (Lauter-Bernsbach),2,140,112.3369565217391304
Oberlungwitz,2,135,104.1578947368421053
Dernbach (Pfalz),5,123,61.7076023391812865
Übach-Palenberg,6,81,72.9432314410480349
Ellefeld,2,75,86.4687500000000000
Wahlstedt,2,63,84.6949152542372881
Saalfeld (Mühlhausen),3,46,93.2795698924731183
